no,name,district,lok_sabha,reservation,electors,latest_election,winner,party,votes
1,Padampur,Bargarh,Bargarh,None,270450,2024,Barsha Singh Bariha,Biju Janata Dal,91995
2,Bijepur,Bargarh,Bargarh,None,241753,2024,Sanat Kumar Gartia,Bharatiya Janata Party,93161
3,Bargarh,Bargarh,Bargarh,None,217952,2024,Ashwini Kumar Sarangi,Bharatiya Janata Party,77766
4,Attabira,Baragada,Bargarh,SC,224933,2024,Nihar Ranjan Mahanand,Bharatiya Janata Party,99487
5,Bhatli,Bargarh,Bargarh,None,232280,2024,Irasis Acharya,Bharatiya Janata Party,107508
6,Brajarajnagar,Jharsuguda,Bargarh,None,217251,2024,Suresh Pujari,Bharatiya Janata Party,82199
7,Jharsuguda,Jharsuguda,Bargarh,None,229274,2024,Tankadhar Tripathy,Bharatiya Janata Party,91105
8,Talsara,Sundargarh,Sundargarh,ST,216981,2024,Bhabani Shankar Bhoi,Bharatiya Janata Party,68928
9,Sundargarh,Sundargarh,Sundargarh,ST,230729,2024,Jogesh Kumar Singh,Biju Janata Dal,86398
10,Biramitrapur,Sundargarh,Sundargarh,ST,244417,2024,Rohit Joseph Tirkey,Biju Janata Dal,84116
11,Raghunathpali,Sundargarh,Sundargarh,SC,183207,2024,Durga Charan Tanti,Bharatiya Janata Party,51189
12,Rourkela,Sundargarh,Sundargarh,None,215294,2024,Sarada Prashad Nayak,Biju Janata Dal,64660
13,Rajgangpur,Sundargarh,Sundargarh,ST,253571,2024,C. S. Raazen Ekka,Indian National Congress,66869
14,Bonai,Sundargarh,Sundargarh,ST,228597,2024,Laxman Munda,Communist Party of India (Marxist),81008
15,Kuchinda,Sambalpur,Sambalpur,ST,222709,2024,Rabi Narayan Naik,Bharatiya Janata Party,95716
16,Rengali,Sambalpur,Sambalpur,SC,196975,2024,Sudarshan Haripal,Biju Janata Dal,73420
17,Sambalpur,Sambalpur,Sambalpur,None,206279,2024,Jayanarayan Mishra,Bharatiya Janata Party,59827
18,Rairakhol,Sambalpur,Sambalpur,None,202639,2024,Prasanna Acharya,Biju Janata Dal,61716
19,Deogarh,Deogarh,Sambalpur,None,251730,2024,Romanch Ranjan Biswal,Biju Janata Dal,89074
20,Telkoi,Kendujhar,Keonjhar,ST,240261,2024,Fakir Mohan Naik,Bharatiya Janata Party,83818
21,Ghasipura,Kendujhar,Keonjhar,None,231781,2024,Badri Narayan Patra,Biju Janata Dal,82516
22,Anandapur,Kendujhar,Keonjhar,SC,235679,2024,Abhimanyu Sethi,Biju Janata Dal,71651
23,Patna,Kendujhar,Keonjhar,ST,214433,2024,Akhila Chandra Naik,Bharatiya Janata Party,97041
24,Keonjhar,Kendujhar,Keonjhar,ST,231912,2024,Mohan Charan Majhi,Bharatiya Janata Party,87815
25,Champua,Kendujhar,Keonjhar,None,235467,2024,Sanatan Mahakud,Biju Janata Dal,103120
26,Jashipur,Mayurbhanj,Mayurbhanj,ST,219031,2024,Ganesh Ram Singh Khuntia,Bharatiya Janata Party,85384
27,Saraskana,Mayurbhanj,Mayurbhanj,ST,209605,2024,Bhadav Hansdah,Bharatiya Janata Party,59387
28,Rairangpur,Mayurbhanj,Mayurbhanj,ST,230824,2024,Jalen Naik,Bharatiya Janata Party,62724
29,Bangriposi,Mayurbhanj,Mayurbhanj,ST,224301,2024,Sanjali Murmu,Bharatiya Janata Party,87801
30,Karanjia,Mayurbhanj,Keonjhar,ST,200408,2024,Padma Charan Haiburu,Bharatiya Janata Party,65357
31,Udala,Mayurbhanj,Mayurbhanj,ST,203084,2024,Bhaskar Madhei,Bharatiya Janata Party,66401
32,Badasahi,Mayurbhanj,Balasore,SC,200130,2024,Sanatan Bijuli,Bharatiya Janata Party,83276
33,Baripada,Mayurbhanj,Mayurbhanj,ST,225354,2024,Prakash Soren,Bharatiya Janata Party,78272
34,Morada,Mayurbhanj,Mayurbhanj,None,234075,2024,Dr. Krushna Chandra Mohapatra,Bharatiya Janata Party,77980
35,Jaleswar,Balasore,Balasore,None,254539,2024,Aswini Kumar Patra,Biju Janata Dal,83105
36,Bhograi,Balasore,Balasore,None,233902,2024,Goutam Buddha Das,Biju Janata Dal,70198
37,Basta,Balasore,Balasore,None,246159,2024,Subasini Jena,Biju Janata Dal,83314
38,Balasore,Balasore,Balasore,None,229852,2024,Manas Kumar Dutta,Bharatiya Janata Party,89360
39,Remuna,Balasore,Balasore,SC,229033,2024,Gobinda Chandra Das,Bharatiya Janata Party,92620
40,Nilgiri,Balasore,Balasore,None,216428,2024,Santosh Khatua,Bharatiya Janata Party,87928
41,Soro,Balasore,Bhadrak,SC,228076,2024,Madhab Dhada,Biju Janata Dal,63642
42,Simulia,Balasore,Bhadrak,None,257238,2024,Padma Lochan Panda,Bharatiya Janata Party,90676
43,Bhandaripokhari,Bhadrak,Bhadrak,None,240416,2024,Sanjib Kumar Mallick,Biju Janata Dal,72447
44,Bhadrak,Bhadrak,Bhadrak,None,274332,2024,Sitansu Sekhar Mohapatra,Bharatiya Janata Party,82282
45,Basudevpur,Bhadrak,Bhadrak,None,272821,2024,Ashok Kumar Das,Indian National Congress,77843
46,Dhamnagar,Bhadrak,Bhadrak,SC,247651,2024,Suryabanshi Suraj,Bharatiya Janata Party,90555
47,Chandabali,Bhadrak,Bhadrak,None,253394,2024,Byomakesh Ray,Biju Janata Dal,83063
48,Binjharpur,Jajpur,Jajpur,SC,229680,2024,Pramila Mallik,Biju Janata Dal,74185
49,Bari,Jajpur,Jajpur,None,227157,2024,Biswa Ranjan Mallick,Biju Janata Dal,101966
50,Barchana,Jajpur,Jajpur,None,194341,2024,Amar Kumar Nayak,Bharatiya Janata Party,71926
51,Dharmasala,Jajpur,Jajpur,None,232166,2024,Himanshu Sekhar Sahoo,Independent,79759
52,Jajpur,Jajpur,Jajpur,None,244613,2024,Sujata Sahu,Biju Janata Dal,86049
53,Korei,Jajpur,Jajpur,None,209605,2024,Akash Dasnayak,Bharatiya Janata Party,79658
54,Sukinda,Jajpur,Jajpur,None,211032,2024,Pradeep Bal Samanta,Bharatiya Janata Party,86733
55,Dhenkanal,Dhenkanal,Dhenkanal,None,271942,2024,Krushna Chandra Patra,Bharatiya Janata Party,106529
56,Hindol,Dhenkanal,Dhenkanal,SC,263522,2024,Simarani Nayak,Bharatiya Janata Party,97795
57,Kamakhyanagar,Dhenkanal,Dhenkanal,None,219965,2024,Satrughan Jena,Bharatiya Janata Party,84589
58,Parjanga,Dhenkanal,Dhenkanal,None,219662,2024,Bibhuti Bhusan Pradhan,Bharatiya Janata Party,100595
59,Pallahara,Angul,Dhenkanal,None,178632,2024,Ashok Mohanty,Bharatiya Janata Party,71560
60,Talcher,Angul,Dhenkanal,None,164354,2024,Braja Kishore Pradhan,Biju Janata Dal,75621
61,Angul,Angul,Dhenkanal,None,215625,2024,Pratap Chandra Pradhan,Bharatiya Janata Party,88868
62,Chhendipada,Angul,Sambalpur,SC,211410,2024,Agasti Behera,Bharatiya Janata Party,93629
63,Athmallik,Angul,Sambalpur,None,209796,2024,Nalini Kanta Pradhan,Biju Janata Dal,93957
64,Birmaharajpur,Subarnapur,Bolangir,SC,216088,2024,Raghunath Jagadala,Bharatiya Janata Party,85680
65,Sonepur,Subarnapur,Bolangir,None,256007,2024,Niranjan Pujari,Biju Janata Dal,98202
66,Loisingha,Balangir,Bolangir,SC,245851,2024,Mukesh Mahaling,Bharatiya Janata Party,83313
67,Patnagarh,Balangir,Bolangir,None,306231,2024,Kanak Vardhan Singh Deo,Bharatiya Janata Party,93823
68,Bolangir,Balangir,Bolangir,None,243358,2024,Kalikesh Narayan Singh Deo,Biju Janata Dal,85265
69,Titilagarh,Balangir,Bolangir,None,257804,2024,Nabin Kumar Jain,Bharatiya Janata Party,97854
70,Kantabanji,Balangir,Bolangir,None,35047,2024,Laxman Bag,Bharatiya Janata Party,90876
71,Nuapadaନୂଆପଡ଼ା,Nuapada,Kalahandi,None,243514,2024,Rajendra Dholakia,Biju Janata Dal,61822
72,Khariar,Nuapada,Kalahandi,None,253164,2024,Adhiraj Mohan Panigrahi,Biju Janata Dal,93246
73,Umerkote,Nabarangpur,Nabarangpur,ST,196646,2024,Nityananda Gond,Bharatiya Janata Party,70170
74,Jharigam,Nabarangpur,Nabarangpur,ST,217126,2024,Narsing Bhatra,Bharatiya Janata Party,76748
75,Nabarangpur,Nabarangpur,Nabarangpur,ST,234183,2024,Gouri Shankar Majhi,Bharatiya Janata Party,90895
76,Dabugam,Nabarangpur,Nabarangpur,ST,204966,2024,Manohar Randhari,Biju Janata Dal,77511
77,Lanjigarh,Kalahandi,Kalahandi,ST,230367,2024,Pradip Kumar Dishari,Biju Janata Dal,60254
78,Junagarh,Kalahandi,Kalahandi,None,246605,2024,Dibya Shankar Mishra,Biju Janata Dal,77037
79,Dharmagarh,Kalahandi,Kalahandi,None,261881,2024,Sudhir Ranjan Pattjoshi,Bharatiya Janata Party,87890
80,Bhawanipatana,Kalahandi,Kalahandi,SC,234424,2024,Sagar Charan Das,Indian National Congress,67085
81,Narla,Kalahandi,Kalahandi,None,232083,2024,Manorama Mohanty,Biju Janata Dal,67532
82,Baliguda,Kandhamal,Kandhamal,ST,165501,2024,Chakramani Kanhar,Biju Janata Dal,43586
83,G. Udayagiri,Kandhamal,Kandhamal,ST,208617,2024,Prafulla Chandra Pradhan,Indian National Congress,53530
84,Phulbani,Kandhamal,Kandhamal,ST,200205,2024,Uma Charan Mallick,Bharatiya Janata Party,53900
85,Kantamal,Boudh,Kandhamal,None,169070,2024,Kanhai Charan Danga,Bharatiya Janata Party,68356
86,Boudh,Boudh,Kandhamal,None,166544,2024,Saroj Kumar Pradhan,Bharatiya Janata Party,62494
87,Baramba,Cuttack,Cuttack,None,247960,2024,Bijaya Kumar Dalabehera,Independent,86018
88,Banki,Cuttack,Cuttack,None,219513,2024,Devi Ranjan Tripathy,Biju Janata Dal,69214
89,Athagarh,Cuttack,Cuttack,None,214063,2024,Ranendra Pratap Swain,Biju Janata Dal,86006
90,Barabati-Cuttack,Cuttack,Cuttack,None,244574,2024,Sofia Firdous,Indian National Congress,53339
91,Choudwar-Cuttack,Cuttack,Cuttack,None,233928,2024,Souvic Biswal,Biju Janata Dal,72325
92,Niali,Cuttack,Jagatsinghpur,SC,248941,2024,Chhabi Malik,Bharatiya Janata Party,90191
93,Cuttack Sadar,Cuttack,Cuttack,SC,229006,2024,Prakash Chandra Sethi,Bharatiya Janata Party,79542
94,Salipur,Cuttack,Kendrapara,None,249033,2024,Prasanta Behera,Biju Janata Dal,87701
95,Mahanga,Cuttack,Kendrapara,None,271535,2024,Sarada Prasad Padhan,Independent,88632
96,Patkura,Kendrapara,Kendrapara,None,252438,2024,Arvind Mohapatra,Biju Janata Dal,90905
97,Kendrapara,Kendrapara,Kendrapara,SC,230413,2024,Ganeswar Behera,Biju Janata Dal,90173
98,Aul,Kendrapara,Kendrapara,None,275973,2024,Pratap Keshari Deb,Biju Janata Dal,73678
99,Rajanagar,Kendrapara,Kendrapara,None,262707,2024,Dhruba Charan Sahoo,Biju Janata Dal,81237
100,Mahakalapada,Kendrapara,Kendrapara,None,253626,2024,Durga Prasan Nayak,Bharatiya Janata Party,109653
101,Paradeep,Jagatsinghpur,Jagatsinghpur,None,220649,2024,Sampad Chandra Swain,Bharatiya Janata Party,84518
102,Tirtol,Jagatsinghpur,Jagatsinghpur,SC,249910,2024,Ramakanta Bhoi,Biju Janata Dal,83740
103,Balikuda-Erasama,Jagatsinghpur,Jagatsinghpur,None,270641,2024,Sarada Prasanna Jena,Biju Janata Dal,93517
104,Jagatsinghpur,Jagatsinghpur,Jagatsinghpur,None,220988,2024,Amarendra Das,Bharatiya Janata Party,92555
105,Kakatpur,Puri,Jagatsinghpur,SC,244399,2024,Tusharkanti Behera,Biju Janata Dal,84010
106,Nimapara,Puri,Jagatsinghpur,None,247961,2024,Pravati Parida,Bharatiya Janata Party,95430
107,Puri,Puri,Puri,None,240287,2024,Sunil Kumar Mohanty,Biju Janata Dal,74709
108,Brahmagiri,Puri,Puri,None,229367,2024,Upasna Mohapatra,Bharatiya Janata Party,95783
109,Satyabadi,Puri,Puri,None,215326,2024,Om Prakash Mishra,Bharatiya Janata Party,87294
110,Pipili,Puri,Puri,None,238309,2024,Ashrit Pattanayak,Bharatiya Janata Party,99310
111,Jayadev,Khordha,Bhubaneswar,SC,183354,2024,Naba Kishor Mallick,Biju Janata Dal,76790
112,Bhubaneswar Central (Madhya),Khordha,Bhubaneswar,None,219233,2024,Ananta Narayan Jena,Biju Janata Dal,53759
113,Bhubaneswar North (Uttar),Khordha,Bhubaneswar,None,285872,2024,Susant Kumar Rout,Biju Janata Dal,78179
114,Ekamra-Bhubaneswar,Khordha,Bhubaneswar,None,269327,2024,Babu Singh,Bharatiya Janata Party,74884
115,Jatani,Khordha,Bhubaneswar,None,247101,2024,Bibhuti Bhusan Balabantaray,Biju Janata Dal,68162
116,Begunia,Khordha,Bhubaneswar,None,220052,2024,Pradip Kumar Sahu,Biju Janata Dal,90964
117,Khurda,Khordha,Bhubaneswar,None,250080,2024,Prasanta Kumar Jagadev,Bharatiya Janata Party,80564
118,Chilika,Khordha,Puri,None,234073,2024,Prithviraj Harichandan,Bharatiya Janata Party,83264
119,Ranpur,Nayagarh,Puri,None,209600,2024,Surama Padhy,Bharatiya Janata Party,81439
120,Khandapada,Nayagarh,Cuttack,None,185935,2024,Dusmanta Kumar Swain,Bharatiya Janata Party,75557
121,Daspalla,Nayagarh,Kandhamal,SC,190742,2024,Ramesh Chandra Behera,Biju Janata Dal,62039
122,Nayagarh,Nayagarh,Puri,None,222736,2024,Arun Kumar Sahoo,Biju Janata Dal,81959
123,Bhanjanagar,Ganjam,Kandhamal,None,239901,2024,Pradyumna Kumar Nayak,Bharatiya Janata Party,83822
124,Polasara,Ganjam,Aska,None,249263,2024,Gokulananda Mallick,Bharatiya Janata Party,85737
125,Kabisuryanagar,Ganjam,Aska,None,238297,2024,Pratap Chandra Nayak,Bharatiya Janata Party,80995
126,Khallikote,Ganjam,Aska,SC,233062,2024,Purna Chandra Sethy,Bharatiya Janata Party,80230
127,Chhatrapur,Ganjam,Berhampur,SC,236803,2024,Krushna Chandra Nayak,Bharatiya Janata Party,74983
128,Aska,Ganjam,Aska,None,203348,2024,Saroj Kumar Padhi,Bharatiya Janata Party,59083
129,Surada,Ganjam,Aska,None,235622,2024,Nilamani Bisoyi,Bharatiya Janata Party,83625
130,Sanakhemundi,Ganjam,Aska,None,231373,2024,Ramesh Chandra Jena,Indian National Congress,65867
131,Hinjili,Ganjam,Aska,None,232439,2024,Naveen Patnaik,Biju Janata Dal,66459
132,Gopalpur,Ganjam,Berhampur,None,227313,2024,Bibhuti Bhusan Jena,Bharatiya Janata Party,72071
133,Berhampur,Ganjam,Berhampur,None,224982,2024,K Anil Kumar,Bharatiya Janata Party,54997
134,Digapahandi,Ganjam,Berhampur,None,225979,2024,Sidhant Mohapatra,Bharatiya Janata Party,72908
135,Chikiti,Ganjam,Berhampur,None,216271,2024,Manoranjan Dyan Samantara,Bharatiya Janata Party,69839
136,Mohana,Gajapati,Berhampur,ST,246023,2024,Dasarathi Gomango,Indian National Congress,62117
137,Paralakhemundi,Gajapati,Berhampur,None,217857,2024,Rupesh Kumar Panigrahi,Biju Janata Dal,56027
138,Gunupur,Rayagada,Koraput,ST,224055,2024,Satyajeet Gomango,Indian National Congress,77637
139,Bissam Cuttack,Rayagada,Koraput,ST,234292,2024,Nilamadhab Hikaka,Indian National Congress,68446
140,Rayagada,Rayagada,Koraput,ST,255053,2024,Kadraka Appala Swamy,Indian National Congress,87482
141,Lakshmipur,Koraput,Koraput,ST,173780,2024,Pabitra Saunta,Indian National Congress,59447
142,Kotpad,Koraput,Nabarangpur,ST,209003,2024,Rupu Bhatra,Bharatiya Janata Party,75275
143,Jeypore,Koraput,Koraput,None,214757,2024,Tara Prasad Bahinipati,Indian National Congress,69592
144,Koraput,Koraput,Koraput,SC,192486,2024,Raghuram Machha,Bharatiya Janata Party,46805
145,Pottangi,Koraput,Koraput,ST,187219,2024,Rama Chandra Kadam,Indian National Congress,52202
146,Malkangiri,Malkangiri,Nabarangpur,ST,247087,2024,Narasinga Madkami,Bharatiya Janata Party,78679
147,Chitrakonda,Malkangiri,Nabarangpur,ST,205599,2024,Mangu Khilla,Indian National Congress,55550
