district,lat,lon,month,avg_high_c,avg_low_c,rain_mm,rainy_days
balasore,21.4934,86.9135,1,25.4,14.8,14,1.4
balasore,21.4934,86.9135,2,28.7,17.8,16,1.4
balasore,21.4934,86.9135,3,32.9,22.4,19,2.1
balasore,21.4934,86.9135,4,35.8,25.8,21,2
balasore,21.4934,86.9135,5,35.6,27.4,94,5.2
balasore,21.4934,86.9135,6,33.5,27.4,226,14.6
balasore,21.4934,86.9135,7,31.1,26.3,294,22.4
balasore,21.4934,86.9135,8,30.7,25.9,349,23.4
balasore,21.4934,86.9135,9,30.5,25.5,287,19.2
balasore,21.4934,86.9135,10,30,23.4,182,10.4
balasore,21.4934,86.9135,11,28.2,19.2,39,1.6
balasore,21.4934,86.9135,12,25.8,15.5,20,1
bhadrak,21.0545,86.4959,1,26.4,14.5,15,1.1
bhadrak,21.0545,86.4959,2,30.3,17.8,18,1.5
bhadrak,21.0545,86.4959,3,34.7,22.1,29,2.7
bhadrak,21.0545,86.4959,4,37.3,25.4,42,3.9
bhadrak,21.0545,86.4959,5,37.1,27.1,107,6.4
bhadrak,21.0545,86.4959,6,34.2,27.2,241,16.3
bhadrak,21.0545,86.4959,7,31.3,26.1,331,24.2
bhadrak,21.0545,86.4959,8,31,25.7,363,25.8
bhadrak,21.0545,86.4959,9,30.9,25.2,277,22.4
bhadrak,21.0545,86.4959,10,30.3,23.1,147,11.3
bhadrak,21.0545,86.4959,11,28.6,19,33,1.9
bhadrak,21.0545,86.4959,12,26.4,15.1,19,1.1
cuttack,20.4625,85.8797,1,27.1,15.7,14,1.3
cuttack,20.4625,85.8797,2,31,18.9,16,1.4
cuttack,20.4625,85.8797,3,34.9,22.9,26,2.7
cuttack,20.4625,85.8797,4,37.1,25.8,30,2.5
cuttack,20.4625,85.8797,5,37.1,27.5,78,4.6
cuttack,20.4625,85.8797,6,34.2,27.4,226,16.3
cuttack,20.4625,85.8797,7,31.2,26.2,386,25.4
cuttack,20.4625,85.8797,8,30.9,25.8,384,26.1
cuttack,20.4625,85.8797,9,31,25.4,283,22.4
cuttack,20.4625,85.8797,10,30.6,23.6,146,11.6
cuttack,20.4625,85.8797,11,29,19.7,31,2.4
cuttack,20.4625,85.8797,12,26.9,16.1,21,1.4
jagatsinghpur,20.2548,86.1714,1,26.9,15.8,15,0.9
jagatsinghpur,20.2548,86.1714,2,30.4,19.1,15,1.2
jagatsinghpur,20.2548,86.1714,3,34,23.2,23,2.4
jagatsinghpur,20.2548,86.1714,4,35.9,26.1,23,2.3
jagatsinghpur,20.2548,86.1714,5,35.9,27.6,78,3.8
jagatsinghpur,20.2548,86.1714,6,33.5,27.5,225,16.1
jagatsinghpur,20.2548,86.1714,7,31,26.4,384,24.6
jagatsinghpur,20.2548,86.1714,8,30.7,26,386,26
jagatsinghpur,20.2548,86.1714,9,30.8,25.6,292,22.7
jagatsinghpur,20.2548,86.1714,10,30.4,23.7,172,12.2
jagatsinghpur,20.2548,86.1714,11,28.7,19.9,45,2.9
jagatsinghpur,20.2548,86.1714,12,26.6,16.3,24,1.3
jajpur,20.8504,86.3377,1,26.6,15.3,14,1.2
jajpur,20.8504,86.3377,2,30.5,18.5,16,1.4
jajpur,20.8504,86.3377,3,34.6,22.7,28,2.9
jajpur,20.8504,86.3377,4,37,25.7,36,3.3
jajpur,20.8504,86.3377,5,36.9,27.3,91,4.9
jajpur,20.8504,86.3377,6,34.1,27.3,225,16.4
jajpur,20.8504,86.3377,7,31.2,26.1,335,23.9
jajpur,20.8504,86.3377,8,31,25.8,358,25.3
jajpur,20.8504,86.3377,9,31.1,25.4,269,21.7
jajpur,20.8504,86.3377,10,30.6,23.5,143,11.4
jajpur,20.8504,86.3377,11,28.9,19.7,31,1.8
jajpur,20.8504,86.3377,12,26.6,15.8,20,1.2
kendrapara,20.5018,86.4204,1,26.7,15.5,15,1
kendrapara,20.5018,86.4204,2,30.3,18.7,15,1.4
kendrapara,20.5018,86.4204,3,34.2,22.9,25,2.5
kendrapara,20.5018,86.4204,4,36.4,25.9,25,2.7
kendrapara,20.5018,86.4204,5,36.4,27.6,84,4.5
kendrapara,20.5018,86.4204,6,33.8,27.5,230,15.7
kendrapara,20.5018,86.4204,7,31.1,26.3,336,24.2
kendrapara,20.5018,86.4204,8,30.8,25.9,371,25.3
kendrapara,20.5018,86.4204,9,30.9,25.5,273,22.1
kendrapara,20.5018,86.4204,10,30.4,23.7,162,11.9
kendrapara,20.5018,86.4204,11,28.6,19.7,45,2.3
kendrapara,20.5018,86.4204,12,26.5,16.1,22,1.2
khordha,20.1806,85.6241,1,27.1,15.8,14,1
khordha,20.1806,85.6241,2,30.7,18.9,14,1.3
khordha,20.1806,85.6241,3,34.3,22.9,24,2.3
khordha,20.1806,85.6241,4,36,25.7,22,2
khordha,20.1806,85.6241,5,36.3,27.4,60,3.8
khordha,20.1806,85.6241,6,33.7,27.3,206,15.3
khordha,20.1806,85.6241,7,30.9,26.1,374,24.2
khordha,20.1806,85.6241,8,30.6,25.7,358,24.6
khordha,20.1806,85.6241,9,30.7,25.3,267,21.4
khordha,20.1806,85.6241,10,30.4,23.4,147,11
khordha,20.1806,85.6241,11,28.7,19.6,35,2.5
khordha,20.1806,85.6241,12,26.7,16,27,1.5
puri,19.8134,85.8315,1,27.1,17.2,13,0.9
puri,19.8134,85.8315,2,29.8,20.3,14,1.4
puri,19.8134,85.8315,3,32.5,24.2,18,1.9
puri,19.8134,85.8315,4,33.6,26.6,17,1.4
puri,19.8134,85.8315,5,34.1,28,56,3
puri,19.8134,85.8315,6,32.6,28,195,14
puri,19.8134,85.8315,7,30.6,26.9,370,22.9
puri,19.8134,85.8315,8,30.3,26.5,359,24.1
puri,19.8134,85.8315,9,30.4,26.2,289,21.4
puri,19.8134,85.8315,10,30.2,24.4,172,12.1
puri,19.8134,85.8315,11,29,20.8,49,3
puri,19.8134,85.8315,12,27.2,17.4,27,1.4
angul,20.8436,85.1018,1,27.3,15.5,19,1.5
angul,20.8436,85.1018,2,31.1,18.2,17,1.4
angul,20.8436,85.1018,3,35.5,22,28,2.8
angul,20.8436,85.1018,4,38.3,24.9,30,3.4
angul,20.8436,85.1018,5,38.4,26.8,65,5.3
angul,20.8436,85.1018,6,34.6,26.9,227,16.2
angul,20.8436,85.1018,7,30.9,25.5,366,24
angul,20.8436,85.1018,8,30.6,25.1,366,24.2
angul,20.8436,85.1018,9,30.9,24.8,261,20.2
angul,20.8436,85.1018,10,30.6,23,114,8.6
angul,20.8436,85.1018,11,29,19.4,22,2.1
angul,20.8436,85.1018,12,26.9,16.2,19,1.5
balangir,20.7069,83.4843,1,27.9,15.3,15,1.3
balangir,20.7069,83.4843,2,31.7,18.1,11,1
balangir,20.7069,83.4843,3,36.3,22.5,11,1.2
balangir,20.7069,83.4843,4,39.8,26.6,13,1.3
balangir,20.7069,83.4843,5,40.8,28.7,34,2.1
balangir,20.7069,83.4843,6,35.6,27.4,215,13.7
balangir,20.7069,83.4843,7,30.7,25.1,402,22.8
balangir,20.7069,83.4843,8,30.3,24.7,376,22.5
balangir,20.7069,83.4843,9,30.9,24.4,264,17.7
balangir,20.7069,83.4843,10,31,22.4,70,6.4
balangir,20.7069,83.4843,11,29.5,18.7,15,1.3
balangir,20.7069,83.4843,12,27.6,15.5,13,1
boudh,20.8357,84.3297,1,28,15.8,16,1.4
boudh,20.8357,84.3297,2,31.9,18.5,13,1
boudh,20.8357,84.3297,3,36.4,22.5,14,1.4
boudh,20.8357,84.3297,4,39.7,25.9,13,1.3
boudh,20.8357,84.3297,5,40.3,28,35,2.5
boudh,20.8357,84.3297,6,35.4,27.5,189,13
boudh,20.8357,84.3297,7,30.6,25.5,366,22.3
boudh,20.8357,84.3297,8,30.2,25.1,361,22.1
boudh,20.8357,84.3297,9,30.7,24.7,238,17.8
boudh,20.8357,84.3297,10,30.7,22.9,79,6.5
boudh,20.8357,84.3297,11,29.4,19.4,14,1.2
boudh,20.8357,84.3297,12,27.5,16.3,14,1.1
deogarh,21.5313,84.7332,1,26.2,14.5,25,2
deogarh,21.5313,84.7332,2,29.8,17.3,20,1.5
deogarh,21.5313,84.7332,3,34.4,21.1,32,2.8
deogarh,21.5313,84.7332,4,37.7,24.5,37,3.5
deogarh,21.5313,84.7332,5,38,26.4,62,5.3
deogarh,21.5313,84.7332,6,34.1,26.5,263,16.4
deogarh,21.5313,84.7332,7,30.1,25,397,24.6
deogarh,21.5313,84.7332,8,29.9,24.7,416,24
deogarh,21.5313,84.7332,9,30.2,24.3,275,20.1
deogarh,21.5313,84.7332,10,30,22.4,100,7.8
deogarh,21.5313,84.7332,11,28.2,18.4,14,1.3
deogarh,21.5313,84.7332,12,26,14.9,16,1.3
dhenkanal,20.6717,85.595,1,27.4,15.5,16,1.3
dhenkanal,20.6717,85.595,2,31.3,18.4,16,1.4
dhenkanal,20.6717,85.595,3,35.5,22.3,26,2.6
dhenkanal,20.6717,85.595,4,37.8,25.1,27,2.4
dhenkanal,20.6717,85.595,5,37.8,26.9,74,4.6
dhenkanal,20.6717,85.595,6,34.3,27,211,16.1
dhenkanal,20.6717,85.595,7,31,25.6,369,24.4
dhenkanal,20.6717,85.595,8,30.7,25.3,347,24.6
dhenkanal,20.6717,85.595,9,30.8,24.9,250,20.5
dhenkanal,20.6717,85.595,10,30.5,23,122,9.5
dhenkanal,20.6717,85.595,11,29.1,19.2,23,1.7
dhenkanal,20.6717,85.595,12,27.1,15.8,18,1.3
nayagarh,20.1293,85.0958,1,26.9,16,15,1.2
nayagarh,20.1293,85.0958,2,30.6,18.3,16,1.4
nayagarh,20.1293,85.0958,3,34.6,22,26,2.8
nayagarh,20.1293,85.0958,4,36.9,24.9,29,2.9
nayagarh,20.1293,85.0958,5,37.3,26.7,59,4.2
nayagarh,20.1293,85.0958,6,34.2,26.9,207,15.6
nayagarh,20.1293,85.0958,7,31,25.5,342,23.1
nayagarh,20.1293,85.0958,8,30.6,25.2,328,23
nayagarh,20.1293,85.0958,9,30.7,24.7,234,19.6
nayagarh,20.1293,85.0958,10,30.2,22.9,119,9.3
nayagarh,20.1293,85.0958,11,28.4,19.4,32,2.4
nayagarh,20.1293,85.0958,12,26.4,16.4,21,1.6
subarnapur,20.8333,83.9167,1,28.2,16,14,1.4
subarnapur,20.8333,83.9167,2,32,18.5,12,1.1
subarnapur,20.8333,83.9167,3,36.6,22.6,11,1.3
subarnapur,20.8333,83.9167,4,40,26.5,12,1.3
subarnapur,20.8333,83.9167,5,40.9,28.7,31,2.4
subarnapur,20.8333,83.9167,6,35.8,27.8,192,12.9
subarnapur,20.8333,83.9167,7,30.8,25.5,372,21.8
subarnapur,20.8333,83.9167,8,30.3,25.1,373,21.6
subarnapur,20.8333,83.9167,9,30.9,24.8,249,17.3
subarnapur,20.8333,83.9167,10,30.9,22.9,75,6.9
subarnapur,20.8333,83.9167,11,29.7,19.5,14,1.2
subarnapur,20.8333,83.9167,12,27.8,16.5,15,1
bargarh,21.332,83.6187,1,27.5,14.8,16,1.4
bargarh,21.332,83.6187,2,31.2,17.6,12,1.1
bargarh,21.332,83.6187,3,35.9,21.9,14,1.3
bargarh,21.332,83.6187,4,39.7,26,14,1.7
bargarh,21.332,83.6187,5,40.8,28.6,34,2.5
bargarh,21.332,83.6187,6,35.7,27.6,226,14.1
bargarh,21.332,83.6187,7,30.7,25.2,424,23.6
bargarh,21.332,83.6187,8,30.3,24.9,424,23.3
bargarh,21.332,83.6187,9,30.8,24.6,269,18.2
bargarh,21.332,83.6187,10,31,22.6,72,6.6
bargarh,21.332,83.6187,11,29.6,18.6,13,1
bargarh,21.332,83.6187,12,27.4,15.2,13,1
jharsuguda,21.8553,84.0062,1,26.4,13,18,1.5
jharsuguda,21.8553,84.0062,2,30.1,15.9,13,1.2
jharsuguda,21.8553,84.0062,3,35,20.2,15,1.5
jharsuguda,21.8553,84.0062,4,38.8,24.4,14,1.3
jharsuguda,21.8553,84.0062,5,39.7,27.1,28,2.1
jharsuguda,21.8553,84.0062,6,35,26.9,236,14.2
jharsuguda,21.8553,84.0062,7,30.1,24.9,403,24.2
jharsuguda,21.8553,84.0062,8,29.8,24.6,402,24
jharsuguda,21.8553,84.0062,9,30.2,24.2,256,18.6
jharsuguda,21.8553,84.0062,10,30.3,21.5,75,6.7
jharsuguda,21.8553,84.0062,11,28.7,17.1,12,0.9
jharsuguda,21.8553,84.0062,12,26.4,13.5,15,1
kendujhar,21.6283,85.5819,1,24.7,12.8,20,1.6
kendujhar,21.6283,85.5819,2,28.1,15.8,22,1.6
kendujhar,21.6283,85.5819,3,32.2,19.5,31,3.5
kendujhar,21.6283,85.5819,4,35.2,22.9,44,5.2
kendujhar,21.6283,85.5819,5,35,24.7,110,9.3
kendujhar,21.6283,85.5819,6,31.8,25.1,264,18
kendujhar,21.6283,85.5819,7,28.8,23.9,351,25.1
kendujhar,21.6283,85.5819,8,28.6,23.6,375,25.6
kendujhar,21.6283,85.5819,9,28.7,23.1,242,21.3
kendujhar,21.6283,85.5819,10,28.2,20.7,112,9.1
kendujhar,21.6283,85.5819,11,26.4,16.7,15,1.6
kendujhar,21.6283,85.5819,12,24.5,13.2,15,1.1
mayurbhanj,21.9374,86.7389,1,25.9,12.9,14,1.5
mayurbhanj,21.9374,86.7389,2,30,16.2,15,1.4
mayurbhanj,21.9374,86.7389,3,34.8,20.7,23,2
mayurbhanj,21.9374,86.7389,4,37.6,24.5,29,2.6
mayurbhanj,21.9374,86.7389,5,37,26.4,95,6.8
mayurbhanj,21.9374,86.7389,6,34.1,26.8,206,15.9
mayurbhanj,21.9374,86.7389,7,31.1,25.7,310,23.8
mayurbhanj,21.9374,86.7389,8,30.8,25.2,337,24.7
mayurbhanj,21.9374,86.7389,9,30.6,24.6,236,18.8
mayurbhanj,21.9374,86.7389,10,30.1,22,121,9.1
mayurbhanj,21.9374,86.7389,11,28.4,17.6,19,1.4
mayurbhanj,21.9374,86.7389,12,25.9,13.6,18,1
sambalpur,21.4669,83.9756,1,26.9,14.8,17,1.5
sambalpur,21.4669,83.9756,2,30.6,17.4,14,1.2
sambalpur,21.4669,83.9756,3,35.2,21.4,14,1.4
sambalpur,21.4669,83.9756,4,38.9,25.3,14,1.3
sambalpur,21.4669,83.9756,5,39.8,27.8,30,2.1
sambalpur,21.4669,83.9756,6,35.1,27.4,230,14
sambalpur,21.4669,83.9756,7,30.3,25.4,406,24.2
sambalpur,21.4669,83.9756,8,30,25,412,23.6
sambalpur,21.4669,83.9756,9,30.5,24.8,257,18.1
sambalpur,21.4669,83.9756,10,30.5,22.8,74,6.8
sambalpur,21.4669,83.9756,11,29,18.7,12,1.1
sambalpur,21.4669,83.9756,12,26.8,15.3,13,1
sundargarh,22.1201,84.044,1,26.3,12.6,19,1.5
sundargarh,22.1201,84.044,2,30.1,15.7,14,1.5
sundargarh,22.1201,84.044,3,34.9,19.9,16,1.7
sundargarh,22.1201,84.044,4,38.9,24.1,17,1.6
sundargarh,22.1201,84.044,5,39.6,26.7,32,2.5
sundargarh,22.1201,84.044,6,35,26.6,255,14.9
sundargarh,22.1201,84.044,7,30.2,24.7,409,24.9
sundargarh,22.1201,84.044,8,29.8,24.4,388,24.9
sundargarh,22.1201,84.044,9,30.3,23.9,257,19.5
sundargarh,22.1201,84.044,10,30.3,21.1,74,6.8
sundargarh,22.1201,84.044,11,28.6,16.8,11,1
sundargarh,22.1201,84.044,12,26.3,13.1,17,1
gajapati,19.205,84.1287,1,24.9,13.9,16,1.1
gajapati,19.205,84.1287,2,28.2,16.3,13,1.6
gajapati,19.205,84.1287,3,31.8,19.4,33,3.8
gajapati,19.205,84.1287,4,33.5,21.5,51,6.4
gajapati,19.205,84.1287,5,33.7,23.2,82,7.1
gajapati,19.205,84.1287,6,30,23.1,212,16.6
gajapati,19.205,84.1287,7,26.9,21.9,332,22.3
gajapati,19.205,84.1287,8,26.6,21.5,302,22.3
gajapati,19.205,84.1287,9,26.9,21.2,224,20.4
gajapati,19.205,84.1287,10,26.6,19.7,138,10.9
gajapati,19.205,84.1287,11,25.3,16.6,41,3.5
gajapati,19.205,84.1287,12,24.1,14,23,1.6
ganjam,19.3867,84.6897,1,27.2,15.3,15,1.2
ganjam,19.3867,84.6897,2,30.6,17.6,15,1.1
ganjam,19.3867,84.6897,3,34.5,21.4,19,1.9
ganjam,19.3867,84.6897,4,36.9,24.8,17,1.7
ganjam,19.3867,84.6897,5,37.6,26.8,54,3.1
ganjam,19.3867,84.6897,6,34.6,27.1,187,12.5
ganjam,19.3867,84.6897,7,31.6,25.8,304,20.2
ganjam,19.3867,84.6897,8,31.1,25.3,286,21.4
ganjam,19.3867,84.6897,9,30.9,24.7,244,19.1
ganjam,19.3867,84.6897,10,30.2,22.7,150,10.9
ganjam,19.3867,84.6897,11,28.6,19.1,52,3.1
ganjam,19.3867,84.6897,12,26.7,15.7,31,1.6
kalahandi,19.9054,83.1649,1,27.6,15.5,12,1.2
kalahandi,19.9054,83.1649,2,31.3,17.7,9,0.8
kalahandi,19.9054,83.1649,3,35.6,21.7,15,1.5
kalahandi,19.9054,83.1649,4,38.6,25.4,18,1.9
kalahandi,19.9054,83.1649,5,39.5,27.5,40,3.1
kalahandi,19.9054,83.1649,6,34.4,26.8,209,14.4
kalahandi,19.9054,83.1649,7,29.9,24.8,410,21.5
kalahandi,19.9054,83.1649,8,29.5,24.4,388,22.3
kalahandi,19.9054,83.1649,9,30.1,23.9,256,17.6
kalahandi,19.9054,83.1649,10,30,21.9,87,7.8
kalahandi,19.9054,83.1649,11,28.5,18.6,22,1.5
kalahandi,19.9054,83.1649,12,26.9,15.9,16,1
kandhamal,20.1535,84.0729,1,25.3,14.3,19,1.7
kandhamal,20.1535,84.0729,2,28.8,16.4,13,1.2
kandhamal,20.1535,84.0729,3,32.8,19.8,19,2.3
kandhamal,20.1535,84.0729,4,35.6,22.7,28,3.4
kandhamal,20.1535,84.0729,5,36.1,24.6,56,5.1
kandhamal,20.1535,84.0729,6,31.4,24.3,228,16.7
kandhamal,20.1535,84.0729,7,27.5,22.7,408,24.2
kandhamal,20.1535,84.0729,8,27,22.3,389,24.3
kandhamal,20.1535,84.0729,9,27.5,21.8,291,21
kandhamal,20.1535,84.0729,10,27.3,20.2,105,9.2
kandhamal,20.1535,84.0729,11,25.9,17.2,25,2.6
kandhamal,20.1535,84.0729,12,24.6,14.7,16,1.2
koraput,18.8135,82.7106,1,24.7,12.9,9,0.9
koraput,18.8135,82.7106,2,27.8,15,6,0.7
koraput,18.8135,82.7106,3,31,18.2,15,1.8
koraput,18.8135,82.7106,4,32.7,20.8,35,4.9
koraput,18.8135,82.7106,5,33,22.8,71,6.7
koraput,18.8135,82.7106,6,28.6,22.4,243,15.9
koraput,18.8135,82.7106,7,25.1,20.9,377,22.8
koraput,18.8135,82.7106,8,25,20.6,361,23.3
koraput,18.8135,82.7106,9,26,20.3,255,19.3
koraput,18.8135,82.7106,10,26.1,18.6,105,9.6
koraput,18.8135,82.7106,11,25.1,15.4,26,2.3
koraput,18.8135,82.7106,12,24.2,12.9,14,1
malkangiri,18.3509,81.8865,1,28.8,16.7,8,0.8
malkangiri,18.3509,81.8865,2,31.9,19.3,5,0.6
malkangiri,18.3509,81.8865,3,35.3,22.8,10,1
malkangiri,18.3509,81.8865,4,37.1,25.3,26,3.1
malkangiri,18.3509,81.8865,5,37.9,27,48,4.1
malkangiri,18.3509,81.8865,6,33.2,26,261,14.5
malkangiri,18.3509,81.8865,7,29.4,24.2,424,23.2
malkangiri,18.3509,81.8865,8,29.3,23.9,406,22.9
malkangiri,18.3509,81.8865,9,30.2,23.9,272,19.3
malkangiri,18.3509,81.8865,10,30.9,22.5,105,9.7
malkangiri,18.3509,81.8865,11,30,19.3,25,2.2
malkangiri,18.3509,81.8865,12,28.5,16.5,18,1.2
nabarangpur,19.2321,82.5448,1,26.7,13.2,13,1.1
nabarangpur,19.2321,82.5448,2,30,15.6,6,0.8
nabarangpur,19.2321,82.5448,3,33.5,19.5,15,1.5
nabarangpur,19.2321,82.5448,4,35.5,22.6,32,3.6
nabarangpur,19.2321,82.5448,5,36,24.5,55,4.9
nabarangpur,19.2321,82.5448,6,31.2,23.9,233,16.2
nabarangpur,19.2321,82.5448,7,27.4,22.4,389,22.6
nabarangpur,19.2321,82.5448,8,27.2,22,368,23
nabarangpur,19.2321,82.5448,9,28.1,21.6,239,18.7
nabarangpur,19.2321,82.5448,10,28.2,19.5,83,8.1
nabarangpur,19.2321,82.5448,11,27.1,16,16,1.4
nabarangpur,19.2321,82.5448,12,26,13.2,16,1
nuapada,20.8238,82.5449,1,26.9,14.7,18,1.7
nuapada,20.8238,82.5449,2,30.8,17.2,12,1.4
nuapada,20.8238,82.5449,3,35.3,21.3,20,2.1
nuapada,20.8238,82.5449,4,38.8,25.3,20,2.3
nuapada,20.8238,82.5449,5,40.2,28.1,23,2.2
nuapada,20.8238,82.5449,6,35,27.1,208,14
nuapada,20.8238,82.5449,7,29.6,24.6,370,22.8
nuapada,20.8238,82.5449,8,29.2,24.1,348,22.1
nuapada,20.8238,82.5449,9,29.8,23.7,261,19
nuapada,20.8238,82.5449,10,29.8,21.5,78,7.6
nuapada,20.8238,82.5449,11,28.3,18.1,16,1.4
nuapada,20.8238,82.5449,12,26.5,15.4,13,1
rayagada,19.1711,83.4166,1,28.2,16,18,1.5
rayagada,19.1711,83.4166,2,31.6,18.3,13,1.2
rayagada,19.1711,83.4166,3,35.4,21.8,25,2.6
rayagada,19.1711,83.4166,4,37,24.3,42,5.1
rayagada,19.1711,83.4166,5,37.5,26,71,6
rayagada,19.1711,83.4166,6,33.8,26.1,202,15.9
rayagada,19.1711,83.4166,7,30.5,24.9,338,21.8
rayagada,19.1711,83.4166,8,30.1,24.5,309,21.5
rayagada,19.1711,83.4166,9,30.4,23.9,229,18.2
rayagada,19.1711,83.4166,10,30.1,22,114,9.6
rayagada,19.1711,83.4166,11,28.7,18.6,29,2.5
rayagada,19.1711,83.4166,12,27.4,15.8,23,1.6
