district,households,population,males,females,rural_population,urban_population,literacy_rate,sc,st,towns
angul,297050,1273821,655718,618103,1067275,206546,77.53,239552,179603,18
balangir,414749,1648997,830097,818900,1451616,197381,64.72,294777,347164,8
balasore,533001,2320529,1185787,1134742,2067236,253293,79.79,478586,275678,5
bargarh,370308,1481255,749161,732094,1331145,150110,74.62,298780,281135,8
bhadrak,306333,1506337,760260,746077,1320499,185838,82.78,334896,30428,4
boudh,106961,441162,221625,219537,420738,20424,71.61,104934,55364,1
cuttack,579170,2624470,1352760,1271710,1888423,736047,85.5,498633,93745,11
deogarh,75452,312520,158230,154290,290130,22390,72.57,52112,110400,1
dhenkanal,279364,1192811,612593,580218,1075305,117506,78.76,234079,162056,5
gajapati,128523,577817,282882,294935,507151,70666,53.49,39175,313714,5
ganjam,758267,3529031,1779218,1749813,2761030,768001,71.09,688235,118928,39
jagatsinghpur,261307,1136971,577865,559106,1020991,115980,86.59,248152,7862,4
jajpur,407851,1827192,926034,901158,1692095,135097,80.13,433387,151432,8
jharsuguda,136061,579505,296690,282815,348340,231165,78.86,104620,176758,5
kalahandi,401251,1576869,787101,789768,1454882,121987,59.22,286580,449456,5
kandhamal,172022,733110,359945,373165,660831,72279,64.13,115544,392820,4
kendrapara,321934,1440361,717814,722547,1356827,83534,85.15,309780,9484,2
kendujhar,405272,1801733,906487,895246,1548674,253059,68.24,209357,818878,9
khordha,494212,2251673,1167137,1084536,1167357,1084316,86.88,297472,115051,13
koraput,337677,1379647,678809,700838,1153478,226169,49.21,196540,697583,7
malkangiri,137599,613192,303624,309568,563664,49528,48.54,138295,354614,3
mayurbhanj,586253,2519738,1256213,1263525,2326842,192896,63.17,184682,1479576,5
nabarangpur,273423,1220946,604812,616134,1133321,87625,46.43,177384,681173,5
nayagarh,228315,962789,502636,460153,883051,79738,80.42,136399,58691,9
nuapada,152210,610382,301962,308420,576328,34054,57.35,82159,206327,2
puri,367269,1698730,865380,833350,1433800,264930,84.67,325133,6129,6
rayagada,226144,967911,471960,495951,820945,146966,49.76,139514,541905,7
sambalpur,249597,1041099,526877,514222,733006,308093,76.22,191827,355261,6
subarnapur,151136,610183,311312,298871,560242,49941,74.42,156219,57192,4
sundargarh,479109,2093437,1061147,1032290,1355340,738097,73.34,191660,1062349,14
