asi_number,description,location,address,district,lat,lon
N-OR-1,Chausath Jogini temple together with three minor shrines,Ranipur Jharial,"Ranipur Jharial, Balangir",balangir,20.28289,82.96405
N-OR-2,Ruined fortress,"Agrahat, Bandals, Choudwar, Chhatisa, Govind Jew, Patna, Jaj, Bhariab, Kapaleswar, Kedareswar, Mundmal",Choudwar,cuttack,20.53762,85.91724
N-OR-3,Ruins of the Buddhist temples and images,Bandareswar,,cuttack,,
N-OR-4,Bhubaneswar Mahadev temple,Balia,"On the Bank of River Biluakhai, Balia",jagatsinghpur,20.31323,86.07437
N-OR-5,"Hill containing many valuable sculptures, images and inscriptions, etc., of Buddhistic age. On the top, there is a math and a temple of Mahakal(N-OR-69)",Ratnagiri,,jajpur,20.64227,86.33609
N-OR-6,"Ancient monuments of Barabati Fortress and the ruins and remains of all ancient edifices, gateways, etc., except the mosque",Cuttack,"Barabati Fort Rd, Biju Patnaik Colony, Cuttack, Odisha 753008",cuttack,20.48463056,85.864425
N-OR-7,"Churangarh Fort locally known as Sarangarh, excluding the area acquired by the State Government",Dadhapatna,,cuttack,20.41664,85.80446
N-OR-8,"Four colossal images in the compound of Collectorate Jajpur namely :- 1) Chamunda, 2) Indrani, 3) Kalijuga(not here), 4) Varahi",Jajpur,Opposite Jajpur High School,jajpur,20.8529,86.3298
N-OR-9,Three Buddhist images in the compound of Collectorate Jajpur,Jajpur,Opposite Jajpur High School,jajpur,20.8529,86.3298
N-OR-10,Ruins of Buddhist temples and images,Naltigiri (Lalitagiri),"Lalitagiri, Balichandrapur, Jajapur",jajpur,20.59025,86.2524
N-OR-11,Major ruined Buddhist site with 3 monasteries and hundreds of stupas; abundant sculpture,Ratnagiri,"Ratnagiri, Jajapur, Odisha 755003",jajpur,20.64227,86.33609
N-OR-12,Mahratta bridge locally known as the Atharnulla (eighteen arches bridge) and also as Tentulimal bridge,Jajpur,,jajpur,20.8378,86.33637
N-OR-13,Monolith called Chandeswar Pillar,Sriapur,,cuttack,20.8388,86.3382
N-OR-14,Simhanatha Mahadeva temple,"Simhanatha Pitha, Mauza Gopinathpur","Gopinathpur, Baramba, Cuttack",cuttack,20.37131,85.38002
N-OR-15,Pancha Pandava temple,Ganeswarpur,"Ganeswarpur, Near Chhatia, Cuttack",cuttack,20.58266,86.07298
N-OR-16,Durga temple,Baideswar,"AT/PO-Baideswar, Banki, Cuttack",cuttack,20.35656,85.39433
N-OR-17,"Banasur Temple, Ancient site at Baneswaranasi",Padamal Pattana,"Baneswarnasi, Ekadal, Narasinghpur, Cuttack",cuttack,20.39365,85.14466
N-OR-18,Mahimamani Temple,Ragadi (Banki),"AT/PO-Ragadi, Banki, Cuttack",cuttack,20.35258,85.51875
N-OR-19,"Ancient site at Chowdar, Budhalinga Temple",Chowdar,"Chaudwar, Cuttack",cuttack,20.54346,85.92838
N-OR-20,Bringesvara Mahadeva temple,Bajrakot,"AT/PO-Bajrakota, Rengali Town, Angul",angul,21.21439,85.04367
N-OR-21,Rock-cut Vishnu,Rasol,,angul,21.09308,85.07698
N-OR-22,Gangadharaswami temple,"Katakala, Budhakhol",Katakala Buguda,ganjam,19.82032,84.82329
N-OR-23,Jagdiswaraswami temple,"Katakala, Budhakhol",Katakala Buguda,ganjam,19.82038,84.82345
N-OR-24,Bhima temple,Mahendragiri,,gajapati,18.9674,84.36551
N-OR-25,Kunti temple,Mahendragiri,,gajapati,18.96419,84.36957
N-OR-26,Yudhistra temple,Mahendragiri,,gajapati,18.96689,84.36849
N-OR-27,Asoka rock inscriptions at Jaugada,Pandya,"Purussottampur, Ganjam",ganjam,19.52265,84.83091
N-OR-28,Prehistoric sites,Baidyapur,,mayurbhanj,21.70494,86.92371
N-OR-29,Ruins of ancient fort,Haripurgarh,,mayurbhanj,21.80356,86.71576
N-OR-30,Prehistoric sites,Kuchai,,mayurbhanj,22.01152,86.69322
N-OR-31,Prehistoric sites,Kuliana,,mayurbhanj,22.06893,86.64711
N-OR-32,Paintings on the rock locally known as Ravana Chhaya and other ancient monuments and remain,Sitabhanji,,kendujhar,21.51217,85.77641
N-OR-33,Ancient site of Asurgarh fort,Asurgarh,,kalahandi,20.08127,83.35493
N-OR-34,Temple of Nilamadhava and Sidheswara,Gandharadhi,"Gandharadi, Jgati, Boudh",boudh,20.87494,84.20537
N-OR-35,"Paschima Somnatha, Bhubanesvara and Kapilesvara temples",Boudh,Boudh Town,boudh,20.84418,84.31621
N-OR-36,Bhaskareswar temple,Bhubaneswar,"Tankapani Road, Bhubaneswar",khordha,20.24448,85.85275
N-OR-37,Brahmeswara Temple with its minor shrines in the compound,Bhubaneswar,"Near, Tankapani Rd, Siba Nagar, Brahmeswarpatna, Bhubaneswar, Odisha 751002",khordha,20.2397341,85.8517267
N-OR-38,Nabakeswar Temple,Bhubaneswar,"Nageswar Tangi, Old Town, Bhubaneswar",khordha,20.24586,85.83916
N-OR-39,Rameshwar Deula,Bhubaneswar,"Mausima Chowk, Old Town, Bhubaneswar",khordha,20.25349,85.83589
N-OR-40,Megheswar Temple with its minor shrine,Bhubaneswar,"Tankapani Road, Bhubaneswar",khordha,20.24331,85.85631
N-OR-41,Ananta Vasudeva Temple,Bhubaneswar,"Lingaraj Temple Road, Old Town, Bhubaneswar",khordha,20.24060556,85.83578056
N-OR-42,Bakreswar temple,Bhubaneswar,"Old Town, Bhubaneswar",khordha,20.24074,85.83149
N-OR-43,Chitrakarni temple,Bhubaneswar,"Old Town, Bhubaneswar",khordha,20.23934,85.83348
N-OR-44,Yameshwar Temple with its minor shrine,Bhubaneswar,"Old Town, Bhubaneswar",khordha,20.24027778,85.83138889
N-OR-45,"Lord Lingaraj Temple with all the minar temples in the compound namely: 1. Amania well, 2. Astmurti, 3. Chandeswar Deb, 4. Gopaluni temple, 5. Ladukeswar temple, 6. Parbati temple, 7. Sabitri Devi temple, 8. Sakreswar temple, 9. Sathidosi temple",Bhubaneswar,"Old Town, Bhubaneswar",khordha,20.23851,85.83364
N-OR-46,Maitreswar temple with all the minor temples in the compound,Bhubaneswar,"Old Town, Bhubaneswar",khordha,20.2398,85.83293
N-OR-47,Makareswar temple with its minor,Bhubaneswar,"Old Town, Bhubaneswar",khordha,20.23985,85.8326
N-OR-48,Markandeswar temple,Bhubaneswar,"Old Town, Bhubaneswar",khordha,20.24101,85.83357
N-OR-49,Mukteswar temple with its minar shrines but excluding the Murich Kunda.,Bhubaneswar,"Old Town, Bhubaneswar",khordha,20.2427,85.84044
N-OR-50,Paramguru temple,Bhubaneswar,"Old Town, Bhubaneswar",khordha,20.24258,85.83236
N-OR-51,Papnasini Tank,Bhubaneswar,"Old Town, Bhubaneswar",khordha,20.23939,85.83296
N-OR-52,Parsurameswar Temple,Bhubaneswar,"Old Town, Bhubaneswar",khordha,20.24312,85.8391
N-OR-53,Rajarani Temple,Bhubaneswar,"Tankapani Road, Bhubaneswar",khordha,20.24348,85.84349
N-OR-54,Sahasralinga Tank,Bhubaneswar,,khordha,20.23855,85.83511
N-OR-55,Sari Deul,Bhubaneswar,"Old Town, Bhubaneswar",khordha,20.2399,85.83428
N-OR-56,Sidheswar temple,Bhubaneswar,"Old Town, Bhubaneswar",khordha,20.24288,85.84026
N-OR-57,Sisiresvara temple,Bhubaneswar,"Old Town, Bhubaneswar",khordha,20.2424,85.83238
N-OR-58,Varahi temple,Chaurasi,"Charichhak-Kakatpur Road, Amareswar, Chaurasi, Puri",puri,20.05846,86.11856
N-OR-59,Rock inscription of the edicts of Asoka and the sculpture of elephant,Dhauli,,khordha,20.18955,85.84258
N-OR-60,Small rock cut cell with a niche and an inscription of Santikara,Dhauli,,khordha,20.19218,85.84116
N-OR-61,Chausath Yogini temple known as Mahamaya temple,Hirapur,"Balianta, Hirapur, Khordha",khordha,20.22495,85.87874
N-OR-62,"All ancient caves, structures and other monuments or remains situated on the Udaygiri and the Khandagiri hills (also: Udayagiri and Khandagiri Caves) except the temple of Parasnath on the top of the Khandagiri hill and also the temple in front of the Barabhuji and the Trisula Caves",Khandagiri,"Khandagiri, Bhubaneswar",khordha,20.2628312,85.7860297
N-OR-63,Konark Sun Temple,Konark,"AT/PO-Konark, Puri",puri,19.887444,86.094596
N-OR-64,Bridge of eighteen openings over the Madhupur stream known as Athara Nala Bridge.,Puri,,puri,19.8197526954559,85.83170771598816
N-OR-65,"Shri Jagannath Temple (built in 1161, Kalinga Architecture stile) and subsidiary shrines.",Puri,,puri,19.804845,85.8190688
N-OR-66,Daksha Prajapati temple,"Raghunathpur, Banapur","Near Bhagabati Temple, Banapur, Balugaon",puri,19.77907,85.17057
N-OR-67,Sisupalgarh Ancient remains inside and outside the rampart,Sisupalgarh,"Sisupalgarh, Bhubaneswar",khordha,20.22938,85.84781
N-OR-68,Vikramkhol rock inscriptions,Vikramkhol,,sambalpur,21.82678,83.76436
N-OR-69,Dharma Mahakal Temple (beside the Buddhist site),Ratnagiri,"Ratnagiri, Jajapur",jajpur,20.64094,86.33472
N-OR-70,Jagannath Temple,Jajpur,"Dasaswamedha ghat, Jajapur Town",jajpur,20.85533,86.33613
N-OR-71,Trilochaneswar Temple,Jajpur,"Near Biraja Temple, Jajapur Town",jajpur,20.82886,86.33973
N-OR-72,Varahanatha Temple,Jajpur,Jajapur Town,jajpur,20.85836,86.33561
N-OR-73,Udayagiri,Udayagiri,"Ratnagiri Road, Udayagiri, Jajapur",jajpur,20.6417,86.26918
N-OR-74,Pushpagiri Vihara Langudi Hill,"Mauza Panimuhani, Fazilpur &amp; Salipur,.",,jajpur,20.72286,86.19036
N-OR-75,Kapileswar Mahadev Temple,Hatuari,"Badasuanlo, Kamakhyanagar",dhenkanal,20.90263,85.62804
N-OR-76,Chandrasekhar Temple Group of Monuments and Ancient Steps,Yogapitha Kapilas,"Kapilas, Dhenkanal",dhenkanal,20.68173,85.76306
N-OR-77,Annakoteshvara Temple,Latadeipur,"Joranda Road, Latadeipur, Dhenkanal",dhenkanal,20.80917,85.65873
N-OR-78,Anantashayana Vishnu,Sarang,"On the Bank of River Brahmani, Saranga",dhenkanal,20.92872,85.24691
